AFG|AF|Afghanistan|é˜¿å¯Œæ±—|ğŸ‡¦ğŸ‡«
ALA|AX|Ã…land Islands|å¥¥å…°ç¾¤å²›|ğŸ‡¦ğŸ‡½
ALB|AL|Albania|é˜¿å°”å·´å°¼äºš|ğŸ‡¦ğŸ‡±
DZA|DZ|Algeria|é˜¿å°”åŠåˆ©äºš|ğŸ‡©ğŸ‡¿
ASM|AS|American Samoa|ç¾å±è¨æ‘©äºš|ğŸ‡¦ğŸ‡¸
AND|AD|Andorra|å®‰é“å°”|ğŸ‡¦ğŸ‡©
AGO|AO|Angola|å®‰å“¥æ‹‰|ğŸ‡¦ğŸ‡´
AIA|AI|Anguilla|å®‰åœ­æ‹‰|ğŸ‡¦ğŸ‡®
ATA|AQ|Antarctica|å—ææ´²|ğŸ‡¦ğŸ‡¶
ATG|AG|Antigua and Barbuda|å®‰æç“œå’Œå·´å¸ƒè¾¾|ğŸ‡¦ğŸ‡¬
ARG|AR|Argentina|é˜¿æ ¹å»·|ğŸ‡¦ğŸ‡·
ARM|AM|Armenia|äºšç¾å°¼äºš|ğŸ‡¦ğŸ‡²
ABW|AW|Aruba|é˜¿é²å·´|ğŸ‡¦ğŸ‡¼
AUS|AU|Australia|æ¾³å¤§åˆ©äºš|ğŸ‡¦ğŸ‡º
AUT|AT|Austria|å¥¥åœ°åˆ©|ğŸ‡¦ğŸ‡¹
AZE|AZ|Azerbaijan|é˜¿å¡æ‹œç–†|ğŸ‡¦ğŸ‡¿
BHS|BS|Bahamas|å·´å“ˆé©¬|ğŸ‡§ğŸ‡¸
BHR|BH|Bahrain|å·´æ—|ğŸ‡§ğŸ‡­
BGD|BD|Bangladesh|å­ŸåŠ æ‹‰å›½|ğŸ‡§ğŸ‡©
BRB|BB|Barbados|å·´å·´å¤šæ–¯|ğŸ‡§ğŸ‡§
BLR|BY|Belarus|ç™½ä¿„ç½—æ–¯|ğŸ‡§ğŸ‡¾
BEL|BE|Belgium|æ¯”åˆ©æ—¶|ğŸ‡§ğŸ‡ª
BLZ|BZ|Belize|ä¼¯åˆ©å…¹|ğŸ‡§ğŸ‡¿
BEN|BJ|Benin|è´å®|ğŸ‡§ğŸ‡¯
BMU|BM|Bermuda|ç™¾æ…•å¤§|ğŸ‡§ğŸ‡²
BTN|BT|Bhutan|ä¸ä¸¹|ğŸ‡§ğŸ‡¹
BOL|BO|Bolivia|ç»åˆ©ç»´äºš|ğŸ‡§ğŸ‡´
BES|BQ|Bonaire, Sint Eustatius, and Saba|åšå¥ˆå°”å²›ã€åœ£å°¤æ–¯è¾¾è’‚æ–¯å’Œè¨å·´|ğŸ‡§ğŸ‡¶
BIH|BA|Bosnia and Herzegovina|æ³¢é»‘|ğŸ‡§ğŸ‡¦
BWA|BW|Botswana|åšèŒ¨ç“¦çº³|ğŸ‡§ğŸ‡¼
BVT|BV|Bouvet Island|å¸ƒç»´å²›|ğŸ‡§ğŸ‡»
BRA|BR|Brazil|å·´è¥¿|ğŸ‡§ğŸ‡·
IOT|IO|British Indian Ocean Territory|è‹±å±å°åº¦æ´‹é¢†åœ°|ğŸ‡®ğŸ‡´
VGB|VG|British Virgin Islands|è‹±å±ç»´å°”äº¬ç¾¤å²›|ğŸ‡»ğŸ‡¬
BRN|BN|Brunei|æ–‡è±|ğŸ‡§ğŸ‡³
BGR|BG|Bulgaria|ä¿åŠ åˆ©äºš|ğŸ‡§ğŸ‡¬
BFA|BF|Burkina Faso|å¸ƒåŸºçº³æ³•ç´¢|ğŸ‡§ğŸ‡«
BDI|BI|Burundi|å¸ƒéš†è¿ª|ğŸ‡§ğŸ‡®
CPV|CV|Cabo Verde|ä½›å¾—è§’|ğŸ‡¨ğŸ‡»
KHM|KH|Cambodia|æŸ¬åŸ”å¯¨|ğŸ‡°ğŸ‡­
CMR|CM|Cameroon|å–€éº¦éš†|ğŸ‡¨ğŸ‡²
CAN|CA|Canada|åŠ æ‹¿å¤§|ğŸ‡¨ğŸ‡¦
CYM|KY|Cayman Islands|å¼€æ›¼ç¾¤å²›|ğŸ‡°ğŸ‡¾
CAF|CF|Central African Republic|ä¸­é|ğŸ‡¨ğŸ‡«
TCD|TD|Chad|ä¹å¾—|ğŸ‡¹ğŸ‡©
CHL|CL|Chile|æ™ºåˆ©|ğŸ‡¨ğŸ‡±
CHN|CN|China|ä¸­å›½|ğŸ‡¨ğŸ‡³
CXR|CX|Christmas Island|åœ£è¯å²›|ğŸ‡¨ğŸ‡½
CCK|CC|Cocos (Keeling) Islands|ç§‘ç§‘æ–¯ï¼ˆåŸºæ—ï¼‰ç¾¤å²›|ğŸ‡¨ğŸ‡¨
COL|CO|Colombia|å“¥ä¼¦æ¯”äºš|ğŸ‡¨ğŸ‡´
COM|KM|Comoros|ç§‘æ‘©ç½—|ğŸ‡°ğŸ‡²
COG|CG|Congo Republic|åˆšæœå…±å’Œå›½|ğŸ‡¨ğŸ‡¬
COK|CK|Cook Islands|åº“å…‹ç¾¤å²›|ğŸ‡¨ğŸ‡°
CRI|CR|Costa Rica|å“¥æ–¯è¾¾é»åŠ |ğŸ‡¨ğŸ‡·
HRV|HR|Croatia|å…‹ç½—åœ°äºš|ğŸ‡­ğŸ‡·
CUB|CU|Cuba|å¤å·´|ğŸ‡¨ğŸ‡º
CUW|CW|CuraÃ§ao|åº“æ‹‰ç´¢|ğŸ‡¨ğŸ‡¼
CYP|CY|Cyprus|å¡æµ¦è·¯æ–¯|ğŸ‡¨ğŸ‡¾
CZE|CZ|Czechia|æ·å…‹|ğŸ‡¨ğŸ‡¿
DNK|DK|Denmark|ä¸¹éº¦|ğŸ‡©ğŸ‡°
DJI|DJ|Djibouti|å‰å¸ƒæ|ğŸ‡©ğŸ‡¯
DMA|DM|Dominica|å¤šç±³å°¼å…‹|ğŸ‡©ğŸ‡²
DOM|DO|Dominican Republic|å¤šç±³å°¼åŠ |ğŸ‡©ğŸ‡´
COD|CD|DR Congo|æ‰ä¼Šå°”|ğŸ‡¨ğŸ‡©
ECU|EC|Ecuador|å„ç“œå¤šå°”|ğŸ‡ªğŸ‡¨
EGY|EG|Egypt|åŸƒåŠ|ğŸ‡ªğŸ‡¬
SLV|SV|El Salvador|è¨å°”ç“¦å¤š|ğŸ‡¸ğŸ‡»
GNQ|GQ|Equatorial Guinea|èµ¤é“å‡ å†…äºš|ğŸ‡¬ğŸ‡¶
ERI|ER|Eritrea|å„ç«‹ç‰¹é‡Œäºš|ğŸ‡ªğŸ‡·
EST|EE|Estonia|çˆ±æ²™å°¼äºš|ğŸ‡ªğŸ‡ª
SWZ|SZ|Eswatini|æ–¯å¨å£«å…°|ğŸ‡¸ğŸ‡¿
ETH|ET|Ethiopia|åŸƒå¡ä¿„æ¯”äºš|ğŸ‡ªğŸ‡¹
FLK|FK|Falkland Islands|ç¦å…‹å…°ç¾¤å²›ï¼ˆé©¬å°”ç»´çº³æ–¯ï¼‰|ğŸ‡«ğŸ‡°
FRO|FO|Faroe Islands|æ³•ç½—ç¾¤å²›|ğŸ‡«ğŸ‡´
FSM|FM|Federated States of Micronesia|å¯†å…‹ç½—å°¼è¥¿äºšè”é‚¦|ğŸ‡«ğŸ‡²
FJI|FJ|Fiji|æ–æµ|ğŸ‡«ğŸ‡¯
FIN|FI|Finland|èŠ¬å…°|ğŸ‡«ğŸ‡®
FRA|FR|France|æ³•å›½|ğŸ‡«ğŸ‡·
GUF|GF|French Guiana|æ³•å±åœ­äºšé‚£|ğŸ‡¬ğŸ‡«
PYF|PF|French Polynesia|æ³•å±æ³¢åˆ©å°¼è¥¿äºš|ğŸ‡µğŸ‡«
ATF|TF|French Southern Territories|æ³•å±å—éƒ¨é¢†åœ°|ğŸ‡¹ğŸ‡«
GAB|GA|Gabon|åŠ è“¬|ğŸ‡¬ğŸ‡¦
GMB|GM|Gambia|å†ˆæ¯”äºš|ğŸ‡¬ğŸ‡²
GEO|GE|Georgia|æ ¼é²å‰äºš|ğŸ‡¬ğŸ‡ª
DEU|DE|Germany|å¾·å›½|ğŸ‡©ğŸ‡ª
GHA|GH|Ghana|åŠ çº³|ğŸ‡¬ğŸ‡­
GIB|GI|Gibraltar|ç›´å¸ƒç½—é™€|ğŸ‡¬ğŸ‡®
GRC|GR|Greece|å¸Œè…Š|ğŸ‡¬ğŸ‡·
GRL|GL|Greenland|æ ¼é™µå…°|ğŸ‡¬ğŸ‡±
GRD|GD|Grenada|æ ¼æ—çº³è¾¾|ğŸ‡¬ğŸ‡©
GLP|GP|Guadeloupe|ç“œå¾·ç½—æ™®|ğŸ‡¬ğŸ‡µ
GUM|GU|Guam|å…³å²›|ğŸ‡¬ğŸ‡º
GTM|GT|Guatemala|å±åœ°é©¬æ‹‰|ğŸ‡¬ğŸ‡¹
GGY|GG|Guernsey|æ ¹è¥¿å²›|ğŸ‡¬ğŸ‡¬
GIN|GN|Guinea|å‡ å†…äºš|ğŸ‡¬ğŸ‡³
GNB|GW|Guinea-Bissau|å‡ å†…äºšæ¯”ç»|ğŸ‡¬ğŸ‡¼
GUY|GY|Guyana|åœ­äºšé‚£|ğŸ‡¬ğŸ‡¾
HTI|HT|Haiti|æµ·åœ°|ğŸ‡­ğŸ‡¹
HMD|HM|Heard and McDonald Islands|èµ«å¾·å²›å’Œéº¦å…‹å”çº³å²›|ğŸ‡­ğŸ‡²
HND|HN|Honduras|æ´ªéƒ½æ‹‰æ–¯|ğŸ‡­ğŸ‡³
HKG|HK|Hong Kong|é¦™æ¸¯|ğŸ‡­ğŸ‡°
HUN|HU|Hungary|åŒˆç‰™åˆ©|ğŸ‡­ğŸ‡º
ISL|IS|Iceland|å†°å²›|ğŸ‡®ğŸ‡¸
IND|IN|India|å°åº¦|ğŸ‡®ğŸ‡³
IDN|ID|Indonesia|å°åº¦å°¼è¥¿äºš|ğŸ‡®ğŸ‡©
IRN|IR|Iran|ä¼Šæœ—|ğŸ‡®ğŸ‡·
IRQ|IQ|Iraq|ä¼Šæ‹‰å…‹|ğŸ‡®ğŸ‡¶
IRL|IE|Ireland|çˆ±å°”å…°|ğŸ‡®ğŸ‡ª
IMN|IM|Isle of Man|è‹±å›½å±åœ°æ›¼å²›|ğŸ‡®ğŸ‡²
ISR|IL|Israel|ä»¥è‰²åˆ—|ğŸ‡®ğŸ‡±
ITA|IT|Italy|æ„å¤§åˆ©|ğŸ‡®ğŸ‡¹
CIV|CI|Ivory Coast|è±¡ç‰™æµ·å²¸|ğŸ‡¨ğŸ‡®
JAM|JM|Jamaica|ç‰™ä¹°åŠ |ğŸ‡¯ğŸ‡²
JPN|JP|Japan|æ—¥æœ¬|ğŸ‡¯ğŸ‡µ
JEY|JE|Jersey|æ³½è¥¿å²›|ğŸ‡¯ğŸ‡ª
JOR|JO|Jordan|çº¦æ—¦|ğŸ‡¯ğŸ‡´
KAZ|KZ|Kazakhstan|å“ˆè¨å…‹æ–¯å¦|ğŸ‡°ğŸ‡¿
KEN|KE|Kenya|è‚¯å°¼äºš|ğŸ‡°ğŸ‡ª
KIR|KI|Kiribati|åŸºé‡Œå·´æ–¯|ğŸ‡°ğŸ‡®
XKX|XK|Kosovo|ç§‘ç´¢æ²ƒ|ğŸ‡½ğŸ‡°
KWT|KW|Kuwait|ç§‘å¨ç‰¹|ğŸ‡°ğŸ‡¼
KGZ|KG|Kyrgyzstan|å‰å°”å‰æ–¯æ–¯å¦|ğŸ‡°ğŸ‡¬
LAO|LA|Laos|è€æŒ|ğŸ‡±ğŸ‡¦
LVA|LV|Latvia|æ‹‰è„±ç»´äºš|ğŸ‡±ğŸ‡»
LBN|LB|Lebanon|é»å·´å«©|ğŸ‡±ğŸ‡§
LSO|LS|Lesotho|è±ç´¢æ‰˜|ğŸ‡±ğŸ‡¸
LBR|LR|Liberia|åˆ©æ¯”é‡Œäºš|ğŸ‡±ğŸ‡·
LBY|LY|Libya|åˆ©æ¯”äºš|ğŸ‡±ğŸ‡¾
LIE|LI|Liechtenstein|åˆ—æ”¯æ•¦å£«ç™»|ğŸ‡±ğŸ‡®
LTU|LT|Lithuania|ç«‹é™¶å®›|ğŸ‡±ğŸ‡¹
LUX|LU|Luxembourg|å¢æ£®å ¡|ğŸ‡±ğŸ‡º
MAC|MO|Macao|æ¾³é—¨|ğŸ‡²ğŸ‡´
MDG|MG|Madagascar|é©¬è¾¾åŠ æ–¯åŠ |ğŸ‡²ğŸ‡¬
MWI|MW|Malawi|é©¬æ‹‰ç»´|ğŸ‡²ğŸ‡¼
MYS|MY|Malaysia|é©¬æ¥è¥¿äºš|ğŸ‡²ğŸ‡¾
MDV|MV|Maldives|é©¬å°”ä»£å¤«|ğŸ‡²ğŸ‡»
MLI|ML|Mali|é©¬é‡Œ|ğŸ‡²ğŸ‡±
MLT|MT|Malta|é©¬è€³ä»–|ğŸ‡²ğŸ‡¹
MHL|MH|Marshall Islands|é©¬ç»å°”ç¾¤å²›|ğŸ‡²ğŸ‡­
MTQ|MQ|Martinique|é©¬æå°¼å…‹|ğŸ‡²ğŸ‡¶
MRT|MR|Mauritania|æ¯›åˆ©å¡”å°¼äºš|ğŸ‡²ğŸ‡·
MUS|MU|Mauritius|æ¯›é‡Œæ±‚æ–¯|ğŸ‡²ğŸ‡º
MYT|YT|Mayotte|é©¬çº¦ç‰¹|ğŸ‡¾ğŸ‡¹
MEX|MX|Mexico|å¢¨è¥¿å“¥|ğŸ‡²ğŸ‡½
MDA|MD|Moldova|æ‘©å°”å¤šç“¦|ğŸ‡²ğŸ‡©
MCO|MC|Monaco|æ‘©çº³å“¥|ğŸ‡²ğŸ‡¨
MNG|MN|Mongolia|è’™å¤|ğŸ‡²ğŸ‡³
MNE|ME|Montenegro|é»‘å±±|ğŸ‡²ğŸ‡ª
MSR|MS|Montserrat|è’™ç‰¹å¡æ‹‰ç‰¹|ğŸ‡²ğŸ‡¸
MAR|MA|Morocco|æ‘©æ´›å“¥|ğŸ‡²ğŸ‡¦
MOZ|MZ|Mozambique|è«æ¡‘æ¯”å…‹|ğŸ‡²ğŸ‡¿
MMR|MM|Myanmar|ç¼…ç”¸|ğŸ‡²ğŸ‡²
NAM|NA|Namibia|çº³ç±³æ¯”äºš|ğŸ‡³ğŸ‡¦
NRU|NR|Nauru|ç‘™é²|ğŸ‡³ğŸ‡·
NPL|NP|Nepal|å°¼æ³Šå°”|ğŸ‡³ğŸ‡µ
ANT|AN|Netherlands Antilles|è·å±å®‰çš„åˆ—æ–¯|ğŸ‡§ğŸ‡¶
NCL|NC|New Caledonia|æ–°å–€é‡Œå¤šå°¼äºš|ğŸ‡³ğŸ‡¨
NZL|NZ|New Zealand|æ–°è¥¿å…°|ğŸ‡³ğŸ‡¿
NIC|NI|Nicaragua|å°¼åŠ æ‹‰ç“œ|ğŸ‡³ğŸ‡®
NER|NE|Niger|å°¼æ—¥å°”|ğŸ‡³ğŸ‡ª
NGA|NG|Nigeria|å°¼æ—¥åˆ©äºš|ğŸ‡³ğŸ‡¬
NIU|NU|Niue|çº½åŸƒ|ğŸ‡³ğŸ‡º
NFK|NF|Norfolk Island|è¯ºç¦å…‹å²›|ğŸ‡³ğŸ‡«
PRK|KP|North Korea|æœé²œ|ğŸ‡°ğŸ‡µ
MKD|MK|North Macedonia|å‰å—é©¬å…¶é¡¿|ğŸ‡²ğŸ‡°
MNP|MP|Northern Mariana Islands|åŒ—é©¬é‡Œäºšçº³|ğŸ‡²ğŸ‡µ
NOR|NO|Norway|æŒªå¨|ğŸ‡³ğŸ‡´
OMN|OM|Oman|é˜¿æ›¼|ğŸ‡´ğŸ‡²
PAK|PK|Pakistan|å·´åŸºæ–¯å¦|ğŸ‡µğŸ‡°
PLW|PW|Palau|å¸•åŠ³|ğŸ‡µğŸ‡¼
PSE|PS|Palestine|å·´å‹’æ–¯å¦|ğŸ‡µğŸ‡¸
PAN|PA|Panama|å·´æ‹¿é©¬|ğŸ‡µğŸ‡¦
PNG|PG|Papua New Guinea|å·´å¸ƒäºšæ–°å‡ å†…äºš|ğŸ‡µğŸ‡¬
PRY|PY|Paraguay|å·´æ‹‰åœ­|ğŸ‡µğŸ‡¾
PER|PE|Peru|ç§˜é²|ğŸ‡µğŸ‡ª
PHL|PH|Philippines|è²å¾‹å®¾|ğŸ‡µğŸ‡­
PCN|PN|Pitcairn Islands|çš®ç‰¹å‡¯æ©|ğŸ‡µğŸ‡³
POL|PL|Poland|æ³¢å…°|ğŸ‡µğŸ‡±
PRT|PT|Portugal|è‘¡è„ç‰™|ğŸ‡µğŸ‡¹
PRI|PR|Puerto Rico|æ³¢å¤šé»å„|ğŸ‡µğŸ‡·
QAT|QA|Qatar|å¡å¡”å°”|ğŸ‡¶ğŸ‡¦
REU|RE|RÃ©union|ç•™å°¼æ±ª|ğŸ‡·ğŸ‡ª
ROU|RO|Romania|ç½—é©¬å°¼äºš|ğŸ‡·ğŸ‡´
RUS|RU|Russia|ä¿„ç½—æ–¯è”é‚¦|ğŸ‡·ğŸ‡º
RWA|RW|Rwanda|å¢æ—ºè¾¾|ğŸ‡·ğŸ‡¼
BLM|BL|Saint BarthÃ©lemy|åœ£å·´æ³°å‹’ç±³|ğŸ‡§ğŸ‡±
SHN|SH|Saint Helena|åœ£èµ«å‹’æ‹¿|ğŸ‡¸ğŸ‡­
LCA|LC|Saint Lucia|åœ£å¢è¥¿äºš|ğŸ‡±ğŸ‡¨
MAF|MF|Saint Martin|æ³•å±åœ£é©¬ä¸|ğŸ‡²ğŸ‡«
SPM|PM|Saint Pierre and Miquelon|åœ£çš®åŸƒå°”å’Œå¯†å…‹éš†ç¾¤å²›|ğŸ‡µğŸ‡²
WSM|WS|Samoa|è¨æ‘©äºš|ğŸ‡¼ğŸ‡¸
SMR|SM|San Marino|åœ£é©¬åŠ›è¯º|ğŸ‡¸ğŸ‡²
STP|ST|SÃ£o TomÃ© and PrÃ­ncipe|åœ£å¤šç¾å’Œæ™®æ—è¥¿æ¯”|ğŸ‡¸ğŸ‡¹
SAU|SA|Saudi Arabia|æ²™ç‰¹é˜¿æ‹‰ä¼¯|ğŸ‡¸ğŸ‡¦
SEN|SN|Senegal|å¡å†…åŠ å°”|ğŸ‡¸ğŸ‡³
SRB|RS|Serbia|å¡å°”ç»´äºš|ğŸ‡·ğŸ‡¸
SYC|SC|Seychelles|å¡èˆŒå°”|ğŸ‡¸ğŸ‡¨
SLE|SL|Sierra Leone|å¡æ‹‰åˆ©æ˜‚|ğŸ‡¸ğŸ‡±
SGP|SG|Singapore|æ–°åŠ å¡|ğŸ‡¸ğŸ‡¬
SXM|SX|Sint Maarten|åœ£é©¬ä¸å²›|ğŸ‡¸ğŸ‡½
SVK|SK|Slovakia|æ–¯æ´›ä¼å…‹|ğŸ‡¸ğŸ‡°
SVN|SI|Slovenia|æ–¯æ´›æ–‡å°¼äºš|ğŸ‡¸ğŸ‡®
SLB|SB|Solomon Islands|æ‰€ç½—é—¨ç¾¤å²›|ğŸ‡¸ğŸ‡§
SOM|SO|Somalia|ç´¢é©¬é‡Œ|ğŸ‡¸ğŸ‡´
ZAF|ZA|South Africa|å—é|ğŸ‡¿ğŸ‡¦
SGS|GS|South Georgia and the South Sandwich Islands|å—ä¹”æ²»äºšå²›å’Œå—æ¡‘å¾·éŸ¦å¥‡å²›|ğŸ‡¬ğŸ‡¸
KOR|KR|South Korea|éŸ©å›½|ğŸ‡°ğŸ‡·
SSD|SS|South Sudan|å—è‹ä¸¹|ğŸ‡¸ğŸ‡¸
ESP|ES|Spain|è¥¿ç­ç‰™|ğŸ‡ªğŸ‡¸
LKA|LK|Sri Lanka|æ–¯é‡Œå…°å¡|ğŸ‡±ğŸ‡°
KNA|KN|St Kitts and Nevis|åœ£åŸºèŒ¨å’Œå°¼ç»´æ–¯|ğŸ‡°ğŸ‡³
VCT|VC|St Vincent and Grenadines|åœ£æ–‡æ£®ç‰¹å’Œæ ¼æ—çº³ä¸æ–¯|ğŸ‡»ğŸ‡¨
SDN|SD|Sudan|è‹ä¸¹|ğŸ‡¸ğŸ‡©
SUR|SR|Suriname|è‹é‡Œå—|ğŸ‡¸ğŸ‡·
SJM|SJ|Svalbard and Jan Mayen|æ–¯ç“¦å°”å·´å²›å’Œæ‰¬é©¬å»¶å²›|ğŸ‡¸ğŸ‡¯
SWE|SE|Sweden|ç‘å…¸|ğŸ‡¸ğŸ‡ª
CHE|CH|Switzerland|ç‘å£«|ğŸ‡¨ğŸ‡­
SYR|SY|Syria|å™åˆ©äºš|ğŸ‡¸ğŸ‡¾
TWN|TW|Taiwan|å°æ¹¾|ğŸ‡¹ğŸ‡¼
TJK|TJ|Tajikistan|å¡”å‰å…‹æ–¯å¦|ğŸ‡¹ğŸ‡¯
TZA|TZ|Tanzania|å¦æ¡‘å°¼äºš|ğŸ‡¹ğŸ‡¿
THA|TH|Thailand|æ³°å›½|ğŸ‡¹ğŸ‡­
NLD|NL|The Netherlands|è·å…°|ğŸ‡³ğŸ‡±
TLS|TL|Timor-Leste|ä¸œå¸æ±¶|ğŸ‡¹ğŸ‡±
TGO|TG|Togo|å¤šå“¥|ğŸ‡¹ğŸ‡¬
TKL|TK|Tokelau|æ‰˜å…‹åŠ³|ğŸ‡¹ğŸ‡°
TON|TO|Tonga|æ±¤åŠ |ğŸ‡¹ğŸ‡´
TTO|TT|Trinidad and Tobago|ç‰¹ç«‹å°¼è¾¾å’Œå¤šå·´å“¥|ğŸ‡¹ğŸ‡¹
TUN|TN|Tunisia|çªå°¼æ–¯|ğŸ‡¹ğŸ‡³
TUR|TR|TÃ¼rkiye|åœŸè€³å…¶|ğŸ‡¹ğŸ‡·
TKM|TM|Turkmenistan|åœŸåº“æ›¼æ–¯å¦|ğŸ‡¹ğŸ‡²
TCA|TC|Turks and Caicos Islands|ç‰¹å…‹æ–¯å’Œå‡¯ç§‘æ–¯ç¾¤å²›|ğŸ‡¹ğŸ‡¨
TUV|TV|Tuvalu|å›¾ç“¦å¢|ğŸ‡¹ğŸ‡»
UMI|UM|U.S. Outlying Islands|ç¾å›½æœ¬åœŸå¤–å°å²›å±¿|ğŸ‡ºğŸ‡²
VIR|VI|U.S. Virgin Islands|ç¾å±ç»´å°”äº¬ç¾¤å²›|ğŸ‡»ğŸ‡®
UGA|UG|Uganda|ä¹Œå¹²è¾¾|ğŸ‡ºğŸ‡¬
UKR|UA|Ukraine|ä¹Œå…‹å…°|ğŸ‡ºğŸ‡¦
ARE|AE|United Arab Emirates|é˜¿è”é…‹|ğŸ‡¦ğŸ‡ª
GBR|GB|United Kingdom|è‹±å›½|ğŸ‡¬ğŸ‡§
USA|US|United States|ç¾å›½|ğŸ‡ºğŸ‡¸
URY|UY|Uruguay|ä¹Œæ‹‰åœ­|ğŸ‡ºğŸ‡¾
UZB|UZ|Uzbekistan|ä¹Œå…¹åˆ«å…‹æ–¯å¦|ğŸ‡ºğŸ‡¿
VUT|VU|Vanuatu|ç“¦åŠªé˜¿å›¾|ğŸ‡»ğŸ‡º
VAT|VA|Vatican City|æ¢µè’‚å†ˆ|ğŸ‡»ğŸ‡¦
VEN|VE|Venezuela|å§”å†…ç‘æ‹‰|ğŸ‡»ğŸ‡ª
VNM|VN|Vietnam|è¶Šå—|ğŸ‡»ğŸ‡³
WLF|WF|Wallis and Futuna|ç“¦åˆ©æ–¯å’Œå¯Œå›¾çº³|ğŸ‡¼ğŸ‡«
ESH|EH|Western Sahara|è¥¿æ’’å“ˆæ‹‰|ğŸ‡ªğŸ‡­
YEM|YE|Yemen|ä¹Ÿé—¨|ğŸ‡¾ğŸ‡ª
ZMB|ZM|Zambia|èµæ¯”äºš|ğŸ‡¿ğŸ‡²
ZWE|ZW|Zimbabwe|æ´¥å·´å¸ƒéŸ¦|ğŸ‡¿ğŸ‡¼
